Name,Docs URL,Number of pages,Example URL,Rendering apps,User journey,Email document type,Government document type,Content Purpose Subgroup,Content Purpose Supergroup
aaib_report,https://docs.publishing.service.gov.uk/document-types/aaib_report.html,11318,https://www.gov.uk/aaib-reports/aaib-investigation-to-robinson-r66-g-wbrn,government-frontend,thing,other,other,incidents,transparency
about,https://docs.publishing.service.gov.uk/document-types/about.html,1178,https://www.gov.uk/government/organisations/disclosure-and-barring-service/about,government-frontend,thing,other,other,other,other
about_our_services,https://docs.publishing.service.gov.uk/document-types/about_our_services.html,36,https://www.gov.uk/government/organisations/hm-passport-office/about/about-our-services,government-frontend,thing,other,other,other,other
access_and_opening,https://docs.publishing.service.gov.uk/document-types/access_and_opening.html,21,https://www.gov.uk/government/organisations/companies-house/about/access-and-opening,government-frontend,thing,other,other,other,other
accessible_documents_policy,https://docs.publishing.service.gov.uk/document-types/accessible_documents_policy.html,116,https://www.gov.uk/government/organisations/home-office/about/accessible-documents-policy,government-frontend,thing,other,other,other,other
ai_assurance_portfolio_technique,https://docs.publishing.service.gov.uk/document-types/ai_assurance_portfolio_technique.html,75,https://www.gov.uk/ai-assurance-techniques/nayaones-ai-sandbox,government-frontend,thing,other,other,other,other
algorithmic_transparency_record,https://docs.publishing.service.gov.uk/document-types/algorithmic_transparency_record.html,125,https://www.gov.uk/algorithmic-transparency-records/hmrc-ask-hmrc-online,government-frontend,thing,other,other,other,other
ambassador_role,https://docs.publishing.service.gov.uk/document-types/ambassador_role.html,0,,"",thing,other,other,other,other
animal_disease_case,https://docs.publishing.service.gov.uk/document-types/animal_disease_case.html,345,https://www.gov.uk/animal-disease-cases-england/bird-flu-regional-avian-influenza-prevention-zone-east-of-england,government-frontend,thing,other,other,other,other
answer,https://docs.publishing.service.gov.uk/document-types/answer.html,753,https://www.gov.uk/sign-in-childcare-account,government-frontend,thing,other,other,transactions,services
armed_forces_covenant_business,https://docs.publishing.service.gov.uk/document-types/armed_forces_covenant_business.html,14099,https://www.gov.uk/armed-forces-covenant-businesses/blue-light-card,"",thing,other,other,other,other
asylum_support_decision,https://docs.publishing.service.gov.uk/document-types/asylum_support_decision.html,100,https://www.gov.uk/asylum-support-tribunal-decisions/mr-kb-vs-secretary-of-state-as-slash-22-slash-02-slash-43794,government-frontend,thing,other,other,decisions,news_and_communications
authored_article,https://docs.publishing.service.gov.uk/document-types/authored_article.html,569,https://www.gov.uk/government/speeches/a-definition-of-antisemitism,government-frontend,thing,announcements,statements,speeches_and_statements,news_and_communications
board_member_role,https://docs.publishing.service.gov.uk/document-types/board_member_role.html,0,,"",thing,other,other,other,other
business_finance_support_scheme,https://docs.publishing.service.gov.uk/document-types/business_finance_support_scheme.html,125,https://www.gov.uk/business-finance-support/kick-off-in-business-business-start-up-workshops,government-frontend,thing,other,other,business_support,guidance_and_regulation
calendar,https://docs.publishing.service.gov.uk/document-types/calendar.html,2,https://www.gov.uk/bank-holidays,frontend,thing,other,other,guidance,guidance_and_regulation
call_for_evidence,https://docs.publishing.service.gov.uk/document-types/call_for_evidence.html,0,,"",thing,publications,calls-for-evidence,other,other
call_for_evidence_outcome,https://docs.publishing.service.gov.uk/document-types/call_for_evidence_outcome.html,439,https://www.gov.uk/government/calls-for-evidence/machinery-safety-legislation-call-for-evidence,government-frontend,thing,publications,calls-for-evidence,calls_for_evidence,policy_and_engagement
case_study,https://docs.publishing.service.gov.uk/document-types/case_study.html,2256,https://www.gov.uk/government/case-studies/reception-quality-webinar-series-autumn-2025,government-frontend,thing,other,other,news,news_and_communications
chief_professional_officer_role,https://docs.publishing.service.gov.uk/document-types/chief_professional_officer_role.html,0,,"",thing,other,other,other,other
chief_scientific_advisor_role,https://docs.publishing.service.gov.uk/document-types/chief_scientific_advisor_role.html,0,,"",thing,other,other,other,other
chief_scientific_officer_role,https://docs.publishing.service.gov.uk/document-types/chief_scientific_officer_role.html,0,,"",thing,other,other,other,other
closed_call_for_evidence,https://docs.publishing.service.gov.uk/document-types/closed_call_for_evidence.html,205,https://www.gov.uk/government/calls-for-evidence/third-state-pension-age-review-independent-report-call-for-evidence,government-frontend,thing,publications,calls-for-evidence,calls_for_evidence,policy_and_engagement
closed_consultation,https://docs.publishing.service.gov.uk/document-types/closed_consultation.html,1075,https://www.gov.uk/government/consultations/earned-settlement,government-frontend,thing,publications,consultations,consultations,policy_and_engagement
cma_case,https://docs.publishing.service.gov.uk/document-types/cma_case.html,2525,https://www.gov.uk/cma-cases/welltower-slash-multiple-care-homes-merger-inquiries,government-frontend,thing,other,other,decisions,news_and_communications
complaints_procedure,https://docs.publishing.service.gov.uk/document-types/complaints_procedure.html,295,https://www.gov.uk/government/organisations/department-for-work-pensions/about/complaints-procedure,government-frontend,thing,other,other,other,other
completed_transaction,https://docs.publishing.service.gov.uk/document-types/completed_transaction.html,0,,feedback,thing,other,other,transactions,services
consultation,https://docs.publishing.service.gov.uk/document-types/consultation.html,0,,"",thing,publications,consultations,other,other
consultation_outcome,https://docs.publishing.service.gov.uk/document-types/consultation_outcome.html,6133,https://www.gov.uk/government/consultations/changing-the-way-government-allocates-disabled-facilities-grant-funding-to-local-authorities-in-england,government-frontend,thing,publications,consultations,consultations,policy_and_engagement
contact,https://docs.publishing.service.gov.uk/document-types/contact.html,0,,government-frontend,thing,other,other,other,other
content_block_contact,https://docs.publishing.service.gov.uk/document-types/content_block_contact.html,0,,"",thing,other,other,other,other
content_block_pension,https://docs.publishing.service.gov.uk/document-types/content_block_pension.html,0,,"",thing,other,other,other,other
content_block_tax,https://docs.publishing.service.gov.uk/document-types/content_block_tax.html,0,,"",thing,other,other,other,other
content_block_time_period,https://docs.publishing.service.gov.uk/document-types/content_block_time_period.html,0,,"",thing,other,other,other,other
coronavirus_landing_page,https://docs.publishing.service.gov.uk/document-types/coronavirus_landing_page.html,1,https://www.gov.uk/coronavirus,collections,thing,other,other,other,other
corporate_report,https://docs.publishing.service.gov.uk/document-types/corporate_report.html,15359,https://www.gov.uk/government/publications/the-nda-group-strategy-effective-from-march-2026,government-frontend,thing,publications,corporate-reports,transparency_data,transparency
correspondence,https://docs.publishing.service.gov.uk/document-types/correspondence.html,6824,https://www.gov.uk/government/publications/local-government-reorganisation-update-on-secretary-of-states-decision-regarding-local-elections-of-may-2026,government-frontend,thing,publications,correspondence,speeches_and_statements,news_and_communications
countryside_stewardship_grant,https://docs.publishing.service.gov.uk/document-types/countryside_stewardship_grant.html,151,https://www.gov.uk/countryside-stewardship-grants/planting-new-hedges-bn11,government-frontend,thing,other,other,business_support,guidance_and_regulation
data_ethics_guidance_document,https://docs.publishing.service.gov.uk/document-types/data_ethics_guidance_document.html,33,https://www.gov.uk/data-ethics-guidance/ethical-considerations-associated-with-qualitative-research-methods,"",thing,other,other,other,other
decision,https://docs.publishing.service.gov.uk/document-types/decision.html,12349,https://www.gov.uk/government/publications/teacher-misconduct-panel-outcome-mr-james-coltella,government-frontend,thing,publications,decisions,decisions,news_and_communications
deputy_head_of_mission_role,https://docs.publishing.service.gov.uk/document-types/deputy_head_of_mission_role.html,0,,"",thing,other,other,other,other
design_decision,https://docs.publishing.service.gov.uk/document-types/design_decision.html,124,https://www.gov.uk/designs-decisions/design-hearing-decision-o-slash-0055-slash-26,"",thing,other,other,other,other
detailed_guide,https://docs.publishing.service.gov.uk/document-types/detailed_guide.html,9864,https://www.gov.uk/guidance/verify-your-identity-for-companies-house,government-frontend,thing,other,other,guidance,guidance_and_regulation
digital_markets_regime_requirement,https://docs.publishing.service.gov.uk/document-types/digital_markets_regime_requirement.html,0,,"",thing,other,other,other,other
document_collection,https://docs.publishing.service.gov.uk/document-types/document_collection.html,6129,https://www.gov.uk/government/collections/visa-processing-times,government-frontend,finding,other,other,other,other
drcf_digital_markets_research,https://docs.publishing.service.gov.uk/document-types/drcf_digital_markets_research.html,131,https://www.gov.uk/find-digital-market-research/children-and-parents-media-use-and-attitudes-report-2022-ofcom,government-frontend,thing,other,other,other,other
drug_safety_update,https://docs.publishing.service.gov.uk/document-types/drug_safety_update.html,861,https://www.gov.uk/drug-safety-update/falsified-mounjaro-kwikpen-15mg-pre-filled-pens,government-frontend,thing,other,other,updates_and_alerts,news_and_communications
email_alert_signup,https://docs.publishing.service.gov.uk/document-types/email_alert_signup.html,0,,email-alert-frontend,thing,other,other,other,other
embassies_index,https://docs.publishing.service.gov.uk/document-types/embassies_index.html,0,,collections,thing,other,other,other,other
employment_appeal_tribunal_decision,https://docs.publishing.service.gov.uk/document-types/employment_appeal_tribunal_decision.html,2506,https://www.gov.uk/employment-appeal-tribunal-decisions/mr-f-ngole-v-touchstone-leeds-2026-eat-29,government-frontend,thing,other,other,decisions,news_and_communications
employment_tribunal_decision,https://docs.publishing.service.gov.uk/document-types/employment_tribunal_decision.html,129236,https://www.gov.uk/employment-tribunal-decisions/dr-m-weaver-v-black-country-healthcare-nhs-foundation-trust-1307891-slash-2023,government-frontend,thing,other,other,decisions,news_and_communications
equality_and_diversity,https://docs.publishing.service.gov.uk/document-types/equality_and_diversity.html,59,https://www.gov.uk/government/organisations/department-for-education/about/equality-and-diversity,government-frontend,thing,other,other,other,other
esi_fund,https://docs.publishing.service.gov.uk/document-types/esi_fund.html,1415,https://www.gov.uk/european-structural-investment-funds/access-to-employment-project-call-in-coventry-and-warwickshire,government-frontend,thing,other,other,business_support,guidance_and_regulation
export_health_certificate,https://docs.publishing.service.gov.uk/document-types/export_health_certificate.html,2120,https://www.gov.uk/export-health-certificates/export-cats-and-dogs-to-the-united-arab-emirates-uae-certificate-3926,government-frontend,thing,other,other,other,other
external_content,https://docs.publishing.service.gov.uk/document-types/external_content.html,460,https://www.gov.ukhttps://www.folkestone-hythe.gov.uk/,"",thing,other,other,other,other
facet,https://docs.publishing.service.gov.uk/document-types/facet.html,0,,"",thing,other,other,other,other
farming_grant,https://docs.publishing.service.gov.uk/document-types/farming_grant.html,234,https://www.gov.uk/find-funding-for-land-or-farms/csam3-herbal-leys,"",thing,other,other,other,other
fatality_notice,https://docs.publishing.service.gov.uk/document-types/fatality_notice.html,508,https://www.gov.uk/government/fatalities/lieutenant-douglas-dalzell-killed-in-afghanistan,government-frontend,thing,announcements,fatality-notices,news,news_and_communications
field_of_operation,https://docs.publishing.service.gov.uk/document-types/field_of_operation.html,5,https://www.gov.uk/government/fields-of-operation/afghanistan,government-frontend,thing,other,other,other,other
fields_of_operation,https://docs.publishing.service.gov.uk/document-types/fields_of_operation.html,0,,government-frontend,thing,other,other,other,other
finder,https://docs.publishing.service.gov.uk/document-types/finder.html,56,https://www.gov.uk/search/all,"collections, finder-frontend",finding,other,other,other,other
finder_email_signup,https://docs.publishing.service.gov.uk/document-types/finder_email_signup.html,0,,finder-frontend,thing,other,other,other,other
flood_and_coastal_erosion_risk_management_research_report,https://docs.publishing.service.gov.uk/document-types/flood_and_coastal_erosion_risk_management_research_report.html,396,https://www.gov.uk/flood-and-coastal-erosion-risk-management-research-reports/working-with-natural-processes-to-reduce-flood-risk,government-frontend,thing,other,other,other,other
foi_release,https://docs.publishing.service.gov.uk/document-types/foi_release.html,12236,https://www.gov.uk/government/publications/registered-sex-offenders,government-frontend,thing,publications,foi-releases,freedom_of_information_releases,transparency
form,https://docs.publishing.service.gov.uk/document-types/form.html,4942,https://www.gov.uk/government/publications/application-for-a-vehicle-registration-certificate,government-frontend,thing,publications,forms,transactions,services
get_involved,https://docs.publishing.service.gov.uk/document-types/get_involved.html,0,,government-frontend,thing,other,other,other,other
gone,https://docs.publishing.service.gov.uk/document-types/gone.html,0,,government-frontend,thing,other,other,other,other
government,https://docs.publishing.service.gov.uk/document-types/government.html,0,,government-frontend,thing,other,other,other,other
government_response,https://docs.publishing.service.gov.uk/document-types/government_response.html,635,https://www.gov.uk/government/news/new-child-car-seat-rules-no-change-for-existing-booster-seats,government-frontend,thing,announcements,government-responses,speeches_and_statements,news_and_communications
governor_role,https://docs.publishing.service.gov.uk/document-types/governor_role.html,0,,"",thing,other,other,other,other
guidance,https://docs.publishing.service.gov.uk/document-types/guidance.html,24402,https://www.gov.uk/government/publications/success-profiles,government-frontend,thing,publications,guidance,guidance,guidance_and_regulation
guide,https://docs.publishing.service.gov.uk/document-types/guide.html,844,https://www.gov.uk/log-in-register-hmrc-online-services,government-frontend,thing,other,other,transactions,services
help_page,https://docs.publishing.service.gov.uk/document-types/help_page.html,11,https://www.gov.uk/sign-in,"frontend, government-frontend",thing,other,other,other,other
high_commissioner_role,https://docs.publishing.service.gov.uk/document-types/high_commissioner_role.html,0,,"",thing,other,other,other,other
historic_appointment,https://docs.publishing.service.gov.uk/document-types/historic_appointment.html,0,,collections,thing,other,other,other,other
historic_appointments,https://docs.publishing.service.gov.uk/document-types/historic_appointments.html,0,,collections,thing,other,other,other,other
history,https://docs.publishing.service.gov.uk/document-types/history.html,7,https://www.gov.uk/government/history/10-downing-street,government-frontend,thing,other,other,other,other
hmrc_contact,https://docs.publishing.service.gov.uk/document-types/hmrc_contact.html,123,https://www.gov.uk/find-hmrc-contacts/income-tax-enquiries,"",thing,other,other,other,other
hmrc_manual,https://docs.publishing.service.gov.uk/document-types/hmrc_manual.html,247,https://www.gov.uk/hmrc-internal-manuals/capital-gains-manual,government-frontend,thing,other,other,guidance,guidance_and_regulation
hmrc_manual_section,https://docs.publishing.service.gov.uk/document-types/hmrc_manual_section.html,84606,https://www.gov.uk/hmrc-internal-manuals/vat-government-and-public-bodies/vatgpb9700,government-frontend,thing,other,other,other,other
homepage,https://docs.publishing.service.gov.uk/document-types/homepage.html,0,,frontend,finding,other,other,other,other
how_government_works,https://docs.publishing.service.gov.uk/document-types/how_government_works.html,0,,government-frontend,thing,other,other,other,other
html_publication,https://docs.publishing.service.gov.uk/document-types/html_publication.html,0,,government-frontend,thing,other,other,other,other
impact_assessment,https://docs.publishing.service.gov.uk/document-types/impact_assessment.html,1881,https://www.gov.uk/government/publications/find-my-national-insurance-number-nino-service,government-frontend,thing,publications,impact-assessments,policy,policy_and_engagement
independent_report,https://docs.publishing.service.gov.uk/document-types/independent_report.html,4156,https://www.gov.uk/government/publications/neurodivergence-task-and-finish-group-report,government-frontend,thing,publications,independent-reports,research,research_and_statistics
international_development_fund,https://docs.publishing.service.gov.uk/document-types/international_development_fund.html,129,https://www.gov.uk/international-development-funding/ai-for-climate-smart-agriculture-and-food-security-in-kenya,government-frontend,thing,other,other,business_support,guidance_and_regulation
international_treaty,https://docs.publishing.service.gov.uk/document-types/international_treaty.html,1658,https://www.gov.uk/government/publications/usa-tax-treaties,government-frontend,thing,publications,international-treaties,guidance,guidance_and_regulation
landing_page,https://docs.publishing.service.gov.uk/document-types/landing_page.html,0,,"",thing,other,other,other,other
licence,https://docs.publishing.service.gov.uk/document-types/licence.html,0,,"",thing,other,other,transactions,services
licence_transaction,https://docs.publishing.service.gov.uk/document-types/licence_transaction.html,453,https://www.gov.uk/find-licences/tv-licence,frontend,thing,other,other,other,other
license_finder,https://docs.publishing.service.gov.uk/document-types/license_finder.html,0,,"",finding,other,other,other,other
life_saving_maritime_appliance_service_station,https://docs.publishing.service.gov.uk/document-types/life_saving_maritime_appliance_service_station.html,47,https://www.gov.uk/service-life-saving-maritime-appliances/gibb-group-immingham,"",thing,other,other,other,other
link_collection,https://docs.publishing.service.gov.uk/document-types/link_collection.html,0,,"",thing,other,other,other,other
local_transaction,https://docs.publishing.service.gov.uk/document-types/local_transaction.html,119,https://www.gov.uk/contact-electoral-registration-office,frontend,thing,other,other,transactions,services
maib_report,https://docs.publishing.service.gov.uk/document-types/maib_report.html,1088,https://www.gov.uk/maib-reports/safety-warning-video-issued-following-the-capsize-and-sinking-of-the-tug-biter-while-assisting-the-passenger-vessel-hebridean-princess-with-the-loss-of-two-lives,government-frontend,thing,other,other,incidents,transparency
mainstream_browse_page,https://docs.publishing.service.gov.uk/document-types/mainstream_browse_page.html,156,https://www.gov.uk/browse/visas-immigration,collections,finding,other,other,other,other
manual,https://docs.publishing.service.gov.uk/document-types/manual.html,169,https://www.gov.uk/guidance/mot-inspection-manual-for-private-passenger-and-light-commercial-vehicles,"government-frontend, manuals-frontend",thing,other,other,guidance,guidance_and_regulation
manual_section,https://docs.publishing.service.gov.uk/document-types/manual_section.html,2618,https://www.gov.uk/guidance/mot-inspection-manual-for-private-passenger-and-light-commercial-vehicles/5-axles-wheels-tyres-and-suspension,"government-frontend, manuals-frontend",thing,other,other,guidance,guidance_and_regulation
map,https://docs.publishing.service.gov.uk/document-types/map.html,430,https://www.gov.uk/government/publications/england-coast-path-overview-of-progress,government-frontend,thing,publications,maps,guidance,guidance_and_regulation
marine_equipment_approved_recommendation,https://docs.publishing.service.gov.uk/document-types/marine_equipment_approved_recommendation.html,107,https://www.gov.uk/marine-equipment-approved-recommendations/inflatable-lifejackets-uk21-slash-l006,government-frontend,thing,other,other,other,other
marine_notice,https://docs.publishing.service.gov.uk/document-types/marine_notice.html,0,,"",thing,other,other,other,other
media_enquiries,https://docs.publishing.service.gov.uk/document-types/media_enquiries.html,74,https://www.gov.uk/government/organisations/home-office/about/media-enquiries,government-frontend,thing,other,other,other,other
medical_safety_alert,https://docs.publishing.service.gov.uk/document-types/medical_safety_alert.html,1367,https://www.gov.uk/drug-device-alerts/class-3-medicines-recall-norgine-limited-movicol-ease-citrus-powder-for-oral-solution-13-dot-7-g-el-26-a-slash-08,government-frontend,thing,other,other,updates_and_alerts,news_and_communications
membership,https://docs.publishing.service.gov.uk/document-types/membership.html,47,https://www.gov.uk/government/organisations/commission-on-human-medicines/about/membership,government-frontend,thing,other,other,other,other
military_role,https://docs.publishing.service.gov.uk/document-types/military_role.html,0,,"",thing,other,other,other,other
ministerial_role,https://docs.publishing.service.gov.uk/document-types/ministerial_role.html,949,https://www.gov.uk/government/ministers/secretary-of-state-for-the-home-department,collections,thing,other,other,other,other
ministers_index,https://docs.publishing.service.gov.uk/document-types/ministers_index.html,0,,collections,thing,other,other,other,other
modern_slavery_statement,https://docs.publishing.service.gov.uk/document-types/modern_slavery_statement.html,24,https://www.gov.uk/government/organisations/hm-revenue-customs/about/modern-slavery-statement,government-frontend,thing,other,other,other,other
national,https://docs.publishing.service.gov.uk/document-types/national.html,0,,government-frontend,thing,other,other,other,other
national_statistics,https://docs.publishing.service.gov.uk/document-types/national_statistics.html,17615,https://www.gov.uk/government/statistics/english-indices-of-deprivation-2025,government-frontend,thing,publications,statistics,statistics,research_and_statistics
national_statistics_announcement,https://docs.publishing.service.gov.uk/document-types/national_statistics_announcement.html,1,https://www.gov.uk/government/statistics/announcements/farming-statistics-provisional-2015-cereal-and-oilseed-rape-production-estimates-united-kingdom,government-frontend,thing,other,other,statistics,research_and_statistics
news_story,https://docs.publishing.service.gov.uk/document-types/news_story.html,51064,https://www.gov.uk/government/news/help-with-the-cost-of-living-in-2026,government-frontend,thing,announcements,news-stories,news,news_and_communications
notice,https://docs.publishing.service.gov.uk/document-types/notice.html,6033,https://www.gov.uk/government/publications/competition-innovation-support-to-operations-phase-3-cycle-7,government-frontend,thing,publications,notices,guidance,guidance_and_regulation
official,https://docs.publishing.service.gov.uk/document-types/official.html,0,,government-frontend,thing,other,other,other,other
official_statistics,https://docs.publishing.service.gov.uk/document-types/official_statistics.html,22245,https://www.gov.uk/government/statistics/national-flu-and-covid-19-surveillance-reports-2025-to-2026-season,government-frontend,thing,publications,statistics,statistics,research_and_statistics
official_statistics_announcement,https://docs.publishing.service.gov.uk/document-types/official_statistics_announcement.html,0,,government-frontend,thing,other,other,statistics,research_and_statistics
open_call_for_evidence,https://docs.publishing.service.gov.uk/document-types/open_call_for_evidence.html,13,https://www.gov.uk/government/calls-for-evidence/ownership-and-control-test-in-uk-financial-sanctions-regulations,government-frontend,thing,publications,calls-for-evidence,calls_for_evidence,policy_and_engagement
open_consultation,https://docs.publishing.service.gov.uk/document-types/open_consultation.html,103,https://www.gov.uk/government/consultations/send-reform-putting-children-and-young-people-first,government-frontend,thing,publications,consultations,consultations,policy_and_engagement
oral_statement,https://docs.publishing.service.gov.uk/document-types/oral_statement.html,922,https://www.gov.uk/government/speeches/independent-inquiry-into-grooming-gangs,government-frontend,thing,announcements,statements,speeches_and_statements,news_and_communications
organisation,https://docs.publishing.service.gov.uk/document-types/organisation.html,1246,https://www.gov.uk/government/organisations/companies-house,collections,finding,other,other,other,other
our_energy_use,https://docs.publishing.service.gov.uk/document-types/our_energy_use.html,20,https://www.gov.uk/government/organisations/environment-agency/about/our-energy-use,government-frontend,thing,other,other,other,other
our_governance,https://docs.publishing.service.gov.uk/document-types/our_governance.html,137,https://www.gov.uk/government/organisations/charity-commission/about/our-governance,government-frontend,thing,other,other,other,other
person,https://docs.publishing.service.gov.uk/document-types/person.html,5852,https://www.gov.uk/government/people/antonia-romeo,collections,thing,other,other,other,other
personal_information_charter,https://docs.publishing.service.gov.uk/document-types/personal_information_charter.html,134,https://www.gov.uk/government/organisations/driver-and-vehicle-standards-agency/about/personal-information-charter,government-frontend,thing,other,other,other,other
petitions_and_campaigns,https://docs.publishing.service.gov.uk/document-types/petitions_and_campaigns.html,0,,government-frontend,thing,other,other,other,other
place,https://docs.publishing.service.gov.uk/document-types/place.html,23,https://www.gov.uk/register-offices,frontend,thing,other,other,transactions,services
policy_paper,https://docs.publishing.service.gov.uk/document-types/policy_paper.html,14658,https://www.gov.uk/government/publications/every-child-achieving-and-thriving,government-frontend,thing,publications,policy-papers,policy,policy_and_engagement
press_release,https://docs.publishing.service.gov.uk/document-types/press_release.html,44511,https://www.gov.uk/government/news/400-cash-boost-for-disabled-adults-to-tackle-cost-of-living,government-frontend,thing,announcements,press-releases,news,news_and_communications
procurement,https://docs.publishing.service.gov.uk/document-types/procurement.html,66,https://www.gov.uk/government/organisations/ministry-of-defence/about/procurement,government-frontend,thing,other,other,other,other
product_safety_alert_report_recall,https://docs.publishing.service.gov.uk/document-types/product_safety_alert_report_recall.html,3267,https://www.gov.uk/product-safety-alerts-reports-recalls/product-recall-stretcherz-stretch-squad-assortment-and-slammerz-assortment-toys-2602-0156,government-frontend,thing,other,other,other,other
promotional,https://docs.publishing.service.gov.uk/document-types/promotional.html,928,https://www.gov.uk/government/publications/inf1886-can-i-drive-while-my-application-is-with-dvla,government-frontend,thing,publications,promotional-material,guidance,guidance_and_regulation
protected_food_drink_name,https://docs.publishing.service.gov.uk/document-types/protected_food_drink_name.html,5491,https://www.gov.uk/protected-food-drink-names/cornish-pasty,government-frontend,thing,other,other,other,other
publication_scheme,https://docs.publishing.service.gov.uk/document-types/publication_scheme.html,102,https://www.gov.uk/government/organisations/ministry-of-defence/about/publication-scheme,government-frontend,thing,other,other,other,other
raib_report,https://docs.publishing.service.gov.uk/document-types/raib_report.html,585,https://www.gov.uk/raib-reports/report-10-slash-2025-derailment-of-a-freight-train-at-audenshaw,government-frontend,thing,other,other,incidents,transparency
recruitment,https://docs.publishing.service.gov.uk/document-types/recruitment.html,286,https://www.gov.uk/government/organisations/hm-revenue-customs/about/recruitment,government-frontend,thing,other,other,other,other
redirect,https://docs.publishing.service.gov.uk/document-types/redirect.html,0,,"",thing,other,other,other,other
regulation,https://docs.publishing.service.gov.uk/document-types/regulation.html,797,https://www.gov.uk/government/publications/model-articles-for-private-companies-limited-by-shares,government-frontend,thing,publications,regulations,regulation,guidance_and_regulation
research,https://docs.publishing.service.gov.uk/document-types/research.html,17199,https://www.gov.uk/government/publications/minimum-wage-rates-for-2026,government-frontend,thing,publications,research-and-analysis,research,research_and_statistics
research_for_development_output,https://docs.publishing.service.gov.uk/document-types/research_for_development_output.html,37153,https://www.gov.uk/research-for-development-outputs/fair-society-healthy-lives-the-marmot-review-strategic-review-of-health-inequalities-in-england-post-2010,government-frontend,thing,other,other,other,other
residential_property_tribunal_decision,https://docs.publishing.service.gov.uk/document-types/residential_property_tribunal_decision.html,16171,https://www.gov.uk/residential-property-tribunal-decisions/30-burstock-road-london-sw15-2pw-lon-slash-00ag-slash-bum-slash-2025-slash-0001,government-frontend,thing,other,other,other,other
role_appointment,https://docs.publishing.service.gov.uk/document-types/role_appointment.html,0,,"",thing,other,other,other,other
search,https://docs.publishing.service.gov.uk/document-types/search.html,0,,finder-frontend,finding,other,other,other,other
service_manual_guide,https://docs.publishing.service.gov.uk/document-types/service_manual_guide.html,192,https://www.gov.uk/service-manual/helping-people-to-use-your-service/understanding-wcag,government-frontend,thing,other,other,other,other
service_manual_homepage,https://docs.publishing.service.gov.uk/document-types/service_manual_homepage.html,1,https://www.gov.uk/service-manual,government-frontend,finding,other,other,other,other
service_manual_service_standard,https://docs.publishing.service.gov.uk/document-types/service_manual_service_standard.html,1,https://www.gov.uk/service-manual/service-standard,government-frontend,thing,other,other,other,other
service_manual_service_toolkit,https://docs.publishing.service.gov.uk/document-types/service_manual_service_toolkit.html,1,https://www.gov.uk/service-toolkit,government-frontend,thing,other,other,other,other
service_manual_topic,https://docs.publishing.service.gov.uk/document-types/service_manual_topic.html,10,https://www.gov.uk/service-manual/agile-delivery,government-frontend,finding,other,other,other,other
service_standard_report,https://docs.publishing.service.gov.uk/document-types/service_standard_report.html,462,https://www.gov.uk/service-standard-reports/one-customer-view-get-a-proof-of-benefit-letter,government-frontend,thing,other,other,decisions,news_and_communications
services_and_information,https://docs.publishing.service.gov.uk/document-types/services_and_information.html,0,,collections,finding,other,other,other,other
sfo_case,https://docs.publishing.service.gov.uk/document-types/sfo_case.html,27,https://www.gov.uk/sfo-cases/london-mining-plc,"",thing,other,other,other,other
simple_smart_answer,https://docs.publishing.service.gov.uk/document-types/simple_smart_answer.html,38,https://www.gov.uk/sold-bought-vehicle,frontend,thing,other,other,transactions,services
smart_answer,https://docs.publishing.service.gov.uk/document-types/smart_answer.html,29,https://www.gov.uk/check-uk-visa,smartanswers,thing,other,other,transactions,services
social_media_use,https://docs.publishing.service.gov.uk/document-types/social_media_use.html,55,https://www.gov.uk/government/organisations/department-for-work-pensions/about/social-media-use,government-frontend,thing,other,other,other,other
special_representative_role,https://docs.publishing.service.gov.uk/document-types/special_representative_role.html,0,,"",thing,other,other,other,other
special_route,https://docs.publishing.service.gov.uk/document-types/special_route.html,3,https://www.gov.uk/find-local-council,"account-api, collections, content-store, email-alert-frontend, email-campaign-frontend, feedback, finder-frontend, frontend, government-frontend, performanceplatform-big-screen-view, search-api",thing,other,other,other,other
speech,https://docs.publishing.service.gov.uk/document-types/speech.html,12939,https://www.gov.uk/government/speeches/pm-speech-during-the-munich-security-conference-14-february,government-frontend,thing,announcements,speeches,speeches_and_statements,news_and_communications
staff_update,https://docs.publishing.service.gov.uk/document-types/staff_update.html,13,https://www.gov.uk/government/organisations/department-for-work-pensions/about/staff-update,government-frontend,thing,other,other,other,other
standard,https://docs.publishing.service.gov.uk/document-types/standard.html,50,https://www.gov.uk/government/publications/rent-standard-2026,government-frontend,thing,other,other,guidance,guidance_and_regulation
statistical_data_set,https://docs.publishing.service.gov.uk/document-types/statistical_data_set.html,1181,https://www.gov.uk/government/statistical-data-sets/unclaimed-estates-list,government-frontend,thing,publications,statistics,statistics,research_and_statistics
statistics,https://docs.publishing.service.gov.uk/document-types/statistics.html,36,https://www.gov.uk/government/organisations/department-for-education/about/statistics,government-frontend,thing,other,other,statistics,research_and_statistics
statistics_announcement,https://docs.publishing.service.gov.uk/document-types/statistics_announcement.html,6,https://www.gov.uk/government/statistics/announcements/water-usage-on-farms-results-from-the-farm-business-survey-england-201314,government-frontend,thing,other,other,statistics,research_and_statistics
statutory_guidance,https://docs.publishing.service.gov.uk/document-types/statutory_guidance.html,1282,https://www.gov.uk/government/publications/early-years-foundation-stage-framework--2,government-frontend,thing,publications,guidance,guidance,guidance_and_regulation
statutory_instrument,https://docs.publishing.service.gov.uk/document-types/statutory_instrument.html,361,https://www.gov.uk/eu-withdrawal-act-2018-statutory-instruments/the-european-union-withdrawal-act-2018-consequential-modifications-and-repeals-and-revocations-eu-exit-regulations-2018,government-frontend,thing,other,other,regulation,guidance_and_regulation
step_by_step_nav,https://docs.publishing.service.gov.uk/document-types/step_by_step_nav.html,42,https://www.gov.uk/tell-dvla-changed-address,collections,thing,other,other,transactions,services
substitute,https://docs.publishing.service.gov.uk/document-types/substitute.html,0,,"",thing,other,other,other,other
take_part,https://docs.publishing.service.gov.uk/document-types/take_part.html,0,,government-frontend,thing,other,other,other,other
tax_tribunal_decision,https://docs.publishing.service.gov.uk/document-types/tax_tribunal_decision.html,1375,https://www.gov.uk/tax-and-chancery-tribunal-decisions/2026-ukut-00074-tcc-lycamobile-uk-limited-v-hmrc,government-frontend,thing,other,other,decisions,news_and_communications
taxon,https://docs.publishing.service.gov.uk/document-types/taxon.html,224,https://www.gov.uk/world/france,collections,finding,other,other,other,other
terms_of_reference,https://docs.publishing.service.gov.uk/document-types/terms_of_reference.html,45,https://www.gov.uk/government/organisations/nhs-pay-review-body/about/terms-of-reference,government-frontend,thing,other,other,other,other
topical_event,https://docs.publishing.service.gov.uk/document-types/topical_event.html,142,https://www.gov.uk/government/topical-events/spring-statement-2025,collections,finding,other,other,other,other
topical_event_about_page,https://docs.publishing.service.gov.uk/document-types/topical_event_about_page.html,0,,government-frontend,thing,other,other,other,other
trademark_decision,https://docs.publishing.service.gov.uk/document-types/trademark_decision.html,0,,"",thing,other,other,other,other
traffic_commissioner_regulatory_decision,https://docs.publishing.service.gov.uk/document-types/traffic_commissioner_regulatory_decision.html,132,https://www.gov.uk/traffic-commissioner-regulatory-decisions/decision-for-black-cat-travel-ltd-pf1146276,"",thing,other,other,other,other
traffic_commissioner_role,https://docs.publishing.service.gov.uk/document-types/traffic_commissioner_role.html,0,,"",thing,other,other,other,other
transaction,https://docs.publishing.service.gov.uk/document-types/transaction.html,245,https://www.gov.uk/sign-in-universal-credit,frontend,thing,other,other,transactions,services
transparency,https://docs.publishing.service.gov.uk/document-types/transparency.html,21247,https://www.gov.uk/government/publications/migrants-detected-crossing-the-english-channel-in-small-boats,government-frontend,thing,publications,transparency-data,transparency_data,transparency
travel_advice,https://docs.publishing.service.gov.uk/document-types/travel_advice.html,226,https://www.gov.uk/foreign-travel-advice/mexico,government-frontend,thing,other,other,guidance,guidance_and_regulation
travel_advice_index,https://docs.publishing.service.gov.uk/document-types/travel_advice_index.html,1,https://www.gov.uk/foreign-travel-advice,frontend,thing,other,other,other,other
ukhsa_chemical_hazard,https://docs.publishing.service.gov.uk/document-types/ukhsa_chemical_hazard.html,0,,"",thing,other,other,other,other
ukhsa_data_access_approval,https://docs.publishing.service.gov.uk/document-types/ukhsa_data_access_approval.html,13,https://www.gov.uk/data-access-approvals-register/1920-251-the-clinical-and-cost-effectiveness-of-testing-for-group-b-streptococcus-in-pregnancy-a-cluster-randomised-trial-with-economic-and-acceptability-evaluations-gbs3,"",thing,other,other,other,other
utaac_decision,https://docs.publishing.service.gov.uk/document-types/utaac_decision.html,1951,https://www.gov.uk/administrative-appeals-tribunal-decisions/mohamed-abdulahi-omer-t-2026-ukut-17-aac,government-frontend,thing,other,other,decisions,news_and_communications
vanish,https://docs.publishing.service.gov.uk/document-types/vanish.html,0,,"",thing,other,other,other,other
veterans_support_organisation,https://docs.publishing.service.gov.uk/document-types/veterans_support_organisation.html,130,https://www.gov.uk/support-for-veterans/op-courage-the-veterans-mental-health-and-wellbeing-service,"",thing,other,other,other,other
welsh_language_scheme,https://docs.publishing.service.gov.uk/document-types/welsh_language_scheme.html,28,https://www.gov.uk/government/organisations/valuation-office-agency/about/welsh-language-scheme,government-frontend,thing,other,other,other,other
working_group,https://docs.publishing.service.gov.uk/document-types/working_group.html,865,https://www.gov.uk/government/groups/trade-envoys,government-frontend,thing,other,other,other,other
world_index,https://docs.publishing.service.gov.uk/document-types/world_index.html,0,,collections,thing,other,other,other,other
world_location,https://docs.publishing.service.gov.uk/document-types/world_location.html,0,,"",thing,other,other,other,other
world_location_news,https://docs.publishing.service.gov.uk/document-types/world_location_news.html,239,https://www.gov.uk/world/iran/news,collections,thing,other,other,other,other
world_news_story,https://docs.publishing.service.gov.uk/document-types/world_news_story.html,15486,https://www.gov.uk/government/news/eta-and-british-czech-dual-nationality-frequently-asked-questions,government-frontend,thing,announcements,other,news,news_and_communications
worldwide_office,https://docs.publishing.service.gov.uk/document-types/worldwide_office.html,0,,government-frontend,thing,other,other,other,other
worldwide_office_staff_role,https://docs.publishing.service.gov.uk/document-types/worldwide_office_staff_role.html,0,,"",thing,other,other,other,other
worldwide_organisation,https://docs.publishing.service.gov.uk/document-types/worldwide_organisation.html,412,https://www.gov.uk/world/organisations/british-embassy-berlin,government-frontend,thing,other,other,other,other
written_statement,https://docs.publishing.service.gov.uk/document-types/written_statement.html,2164,https://www.gov.uk/government/speeches/phasing-out-the-sale-of-new-petrol-and-diesel-cars-from-2030-and-support-for-zero-emission-vehicle-zev-transition,government-frontend,thing,announcements,statements,speeches_and_statements,news_and_communications

